date,close_bbg
1/4/2016,896.54
1/5/2016,897.66
1/6/2016,886.78
1/7/2016,864.48
1/8/2016,855.58
1/11/2016,858.07
1/12/2016,865.21
1/13/2016,844.08
1/14/2016,859.77
1/15/2016,839.89
1/19/2016,840.52
1/20/2016,829.78
1/21/2016,834.34
1/22/2016,851.34
1/25/2016,838.72
1/26/2016,850.03
1/27/2016,839.84
1/28/2016,847.84
1/29/2016,868.34
2/1/2016,866.62
2/2/2016,851.09
2/3/2016,854.6
2/4/2016,854.91
2/5/2016,839.77
2/8/2016,832.17
2/9/2016,830.97
2/10/2016,829.61
2/11/2016,820.61
2/12/2016,835.89
2/16/2016,848.39
2/17/2016,861.75
2/18/2016,857.16
2/19/2016,857.25
2/22/2016,868.77
2/23/2016,857.1
2/24/2016,860.15
2/25/2016,869.61
2/26/2016,866.94
2/29/2016,859.44
3/1/2016,881.01
3/2/2016,884.18
3/3/2016,885.73
3/4/2016,887.86
3/7/2016,887.58
3/8/2016,879.75
3/9/2016,883.89
3/10/2016,883.47
3/11/2016,896.55
3/14/2016,895.41
3/15/2016,895.49
3/16/2016,899.09
3/17/2016,904.69
3/18/2016,907.88
3/21/2016,909.72
3/22/2016,908.9
3/23/2016,903.95
3/24/2016,904.06
3/28/2016,903.87
3/29/2016,911.22
3/30/2016,915.75
3/31/2016,912.93
4/1/2016,919.33
4/4/2016,917.12
4/5/2016,908.59
4/6/2016,918.21
4/7/2016,907.23
4/8/2016,909.03
4/11/2016,906.57
4/12/2016,915.5
4/13/2016,924.29
4/14/2016,925.6
4/15/2016,923.97
4/18/2016,930.14
4/19/2016,933.66
4/20/2016,934.55
4/21/2016,931.04
4/22/2016,928.35
4/25/2016,927.48
4/26/2016,926.96
4/27/2016,926.62
4/28/2016,918.85
4/29/2016,915.02
5/2/2016,922.35
5/3/2016,915
5/4/2016,909.44
5/5/2016,908.8
5/6/2016,912.1
5/9/2016,912.54
5/10/2016,924.4
5/11/2016,915.62
5/12/2016,915.96
5/13/2016,907.81
5/16/2016,916.3
5/17/2016,906.82
5/18/2016,907.76
5/19/2016,904.24
5/20/2016,909.15
5/23/2016,906.99
5/24/2016,919.19
5/25/2016,926.3
5/26/2016,926.16
5/27/2016,929.49
5/31/2016,927.65
6/1/2016,928.1
6/2/2016,929.94
6/3/2016,927.46
6/6/2016,931.9
6/7/2016,932.23
6/8/2016,935.27
6/9/2016,933.58
6/10/2016,926.75
6/13/2016,919.45
6/14/2016,918.46
6/15/2016,915.73
6/16/2016,919.54
6/17/2016,914.95
6/20/2016,919.27
6/21/2016,922.05
6/22/2016,920.82
6/23/2016,932.58
6/24/2016,900.51
6/27/2016,887.38
6/28/2016,902.36
6/29/2016,916.82
6/30/2016,928.13
7/1/2016,929.68
7/5/2016,924.71
7/6/2016,929.84
7/7/2016,929.34
7/8/2016,942.25
7/11/2016,945.64
7/12/2016,950.99
7/13/2016,951.02
7/14/2016,956.63
7/15/2016,955.92
7/18/2016,958.71
7/19/2016,958.42
7/20/2016,962.44
7/21/2016,959.08
7/22/2016,962.29
7/25/2016,959.17
7/26/2016,957.09
7/27/2016,958.59
7/28/2016,959.6
7/29/2016,961.75
8/1/2016,961.79
8/2/2016,957.12
8/3/2016,958.83
8/4/2016,958.94
8/5/2016,966.92
8/8/2016,965.98
8/9/2016,966.93
8/10/2016,963.78
8/11/2016,967.66
8/12/2016,966.51
8/15/2016,968.82
8/16/2016,964.56
8/17/2016,966.49
8/18/2016,967.08
8/19/2016,964.8
8/22/2016,964.15
8/23/2016,965.39
8/24/2016,961.46
8/25/2016,959.81
8/26/2016,959.06
8/29/2016,963.55
8/30/2016,961.78
8/31/2016,960.08
9/1/2016,960.24
9/2/2016,963.67
9/6/2016,966.84
9/7/2016,966.12
9/8/2016,964.34
9/9/2016,942.62
9/12/2016,956.2
9/13/2016,943.33
9/14/2016,943.29
9/15/2016,952.6
9/16/2016,948.8
9/19/2016,947.35
9/20/2016,948.77
9/21/2016,957.25
9/22/2016,963.2
9/23/2016,957.95
9/26/2016,948.76
9/27/2016,955.65
9/28/2016,960.06
9/29/2016,950.92
9/30/2016,958.68
10/3/2016,956.16
10/4/2016,952.48
10/5/2016,956.56
10/6/2016,956.83
10/7/2016,955.09
10/10/2016,959.02
10/11/2016,949.04
10/12/2016,949.62
10/13/2016,946.42
10/14/2016,946.89
10/17/2016,944.3
10/18/2016,949.1
10/19/2016,950.01
10/20/2016,949.12
10/21/2016,949.66
10/24/2016,954.7
10/25/2016,952.8
10/26/2016,951.21
10/27/2016,949.99
10/28/2016,945.32
10/31/2016,943.87
11/1/2016,938.36
11/2/2016,931.69
11/3/2016,926.63
11/4/2016,923.84
11/7/2016,944.35
11/8/2016,947.52
11/9/2016,959.46
11/10/2016,960.4
11/11/2016,958.68
11/14/2016,955.34
11/15/2016,962.28
11/16/2016,961.39
11/17/2016,965.62
11/18/2016,963.13
11/21/2016,970.18
11/22/2016,971.38
11/23/2016,971.09
11/25/2016,975.25
11/28/2016,970.73
11/29/2016,971.99
11/30/2016,968.84
12/1/2016,966.61
12/2/2016,966.28
12/5/2016,971.19
12/6/2016,974.27
12/7/2016,986.6
12/8/2016,988.08
12/9/2016,996.02
12/12/2016,996.57
12/13/2016,1004.39
12/14/2016,997.75
12/15/2016,1001.8
12/16/2016,999.89
12/19/2016,1002.33
12/20/2016,1005.98
12/21/2016,1003.3
12/22/2016,1001.91
12/23/2016,1002.52
12/27/2016,1003.97
12/28/2016,997.11
12/29/2016,996.29
12/30/2016,991.43
1/3/2017,1000.6
1/4/2017,1003.87
1/5/2017,1004.14
1/6/2017,1008.15
1/9/2017,1005.65
1/10/2017,1004.49
1/11/2017,1006.93
1/12/2017,1004.98
1/13/2017,1006.59
1/17/2017,1003.17
1/18/2017,1003.85
1/19/2017,1000.11
1/20/2017,1003.04
1/23/2017,1000.5
1/24/2017,1004.99
1/25/2017,1013.24
1/26/2017,1013.12
1/27/2017,1012.93
1/30/2017,1006.94
1/31/2017,1004.46
2/1/2017,1006.33
2/2/2017,1006.15
2/3/2017,1013.69
2/6/2017,1012.1
2/7/2017,1012.9
2/8/2017,1012.46
2/9/2017,1017.54
2/10/2017,1020.67
2/13/2017,1026.74
2/14/2017,1032.13
2/15/2017,1037.59
2/16/2017,1037.56
2/17/2017,1039.23
2/21/2017,1045.23
2/22/2017,1045.14
2/23/2017,1047.1
2/24/2017,1047.81
2/27/2017,1048.34
2/28/2017,1046.55
3/1/2017,1061.21
3/2/2017,1056.12
3/3/2017,1056.84
3/6/2017,1054.01
3/7/2017,1051.92
3/8/2017,1050.22
3/9/2017,1052.01
3/10/2017,1055.02
3/13/2017,1054.22
3/14/2017,1051.43
3/15/2017,1058.61
3/16/2017,1057.82
3/17/2017,1055.34
3/20/2017,1053.44
3/21/2017,1041.26
3/22/2017,1042.23
3/23/2017,1040.47
3/24/2017,1039.08
3/27/2017,1038.09
3/28/2017,1045.34
3/29/2017,1045.69
3/30/2017,1049.18
3/31/2017,1046.06
4/3/2017,1045.53
4/4/2017,1047.21
4/5/2017,1043.71
4/6/2017,1043.66
4/7/2017,1042.68
4/10/2017,1042.72
4/11/2017,1040.38
4/12/2017,1037.83
4/13/2017,1030.4
4/17/2017,1039.14
4/18/2017,1036.52
4/19/2017,1033.34
4/20/2017,1040.46
4/21/2017,1037.07
4/24/2017,1048.53
4/25/2017,1055.4
4/26/2017,1054.4
4/27/2017,1055.27
4/28/2017,1054.86
5/1/2017,1057.31
5/2/2017,1058.27
5/3/2017,1058.31
5/4/2017,1058.42
5/5/2017,1061.26
5/8/2017,1062.69
5/9/2017,1060.62
5/10/2017,1059.1
5/11/2017,1057.24
5/12/2017,1056.81
5/15/2017,1060.92
5/16/2017,1060.79
5/17/2017,1040.68
5/18/2017,1044.44
5/19/2017,1050.79
5/22/2017,1055.52
5/23/2017,1058.53
5/24/2017,1060.76
5/25/2017,1064.93
5/26/2017,1065.35
5/30/2017,1064.26
5/31/2017,1062.91
6/1/2017,1069.74
6/2/2017,1074.36
6/5/2017,1074
6/6/2017,1071.62
6/7/2017,1073.47
6/8/2017,1073.04
6/9/2017,1071.9
6/12/2017,1070.71
6/13/2017,1074.64
6/14/2017,1074
6/15/2017,1071.66
6/16/2017,1071.85
6/19/2017,1081.24
6/20/2017,1074.69
6/21/2017,1074.44
6/22/2017,1073.88
6/23/2017,1075.43
6/26/2017,1075.26
6/27/2017,1066.36
6/28/2017,1075.74
6/29/2017,1066.68
6/30/2017,1067.71
7/3/2017,1070.5
7/5/2017,1072.77
7/6/2017,1062.75
7/7/2017,1068.65
7/10/2017,1069.62
7/11/2017,1068.81
7/12/2017,1075.97
7/13/2017,1078.41
7/14/2017,1083.13
7/17/2017,1082.45
7/18/2017,1083.95
7/19/2017,1089.21
7/20/2017,1089.26
7/21/2017,1087.74
7/24/2017,1086.82
7/25/2017,1090.07
7/26/2017,1091.47
7/27/2017,1092.25
7/28/2017,1089.53
7/31/2017,1088.94
8/1/2017,1092.41
8/2/2017,1094.92
8/3/2017,1092.9
8/4/2017,1095.42
8/7/2017,1097.21
8/8/2017,1095.22
8/9/2017,1095.14
8/10/2017,1079.89
8/11/2017,1081.8
8/14/2017,1092.05
8/15/2017,1091.76
8/16/2017,1092.58
8/17/2017,1076.11
8/18/2017,1073.52
8/21/2017,1074.72
8/22/2017,1085.24
8/23/2017,1081.27
8/24/2017,1078.68
8/25/2017,1080.02
8/28/2017,1081.17
8/29/2017,1083.41
8/30/2017,1087.93
8/31/2017,1093.78
9/1/2017,1095.25
9/5/2017,1086.74
9/6/2017,1090.44
9/7/2017,1090.41
9/8/2017,1086.98
9/11/2017,1098.54
9/12/2017,1103.03
9/13/2017,1104.88
9/14/2017,1103.66
9/15/2017,1105.11
9/18/2017,1106.26
9/19/2017,1109.26
9/20/2017,1110.16
9/21/2017,1106.39
9/22/2017,1106.61
9/25/2017,1103.6
9/26/2017,1103.21
9/27/2017,1107.37
9/28/2017,1108.71
9/29/2017,1112.19
10/2/2017,1116.74
10/3/2017,1119.35
10/4/2017,1119.21
10/5/2017,1126.5
10/6/2017,1125.03
10/9/2017,1123.61
10/10/2017,1126.49
10/11/2017,1128.89
10/12/2017,1125.04
10/13/2017,1126.16
10/16/2017,1129.29
10/17/2017,1130.97
10/18/2017,1131.78
10/19/2017,1130.71
10/20/2017,1135.26
10/23/2017,1130.15
10/24/2017,1131.82
10/25/2017,1127.44
10/26/2017,1127.48
10/27/2017,1140.09
10/30/2017,1136.75
10/31/2017,1136.83
11/1/2017,1140.13
11/2/2017,1139.47
11/3/2017,1143.41
11/6/2017,1143.77
11/7/2017,1144.14
11/8/2017,1145.43
11/9/2017,1142.07
11/10/2017,1140.39
11/13/2017,1140.82
11/14/2017,1136.74
11/15/2017,1130.74
11/16/2017,1139.91
11/17/2017,1135.35
11/20/2017,1136.2
11/21/2017,1144.85
11/22/2017,1144.5
11/24/2017,1146.98
11/27/2017,1147.11
11/28/2017,1158.57
11/29/2017,1158.25
11/30/2017,1167.79
12/1/2017,1166.19
12/4/2017,1165.99
12/5/2017,1162.64
12/6/2017,1162.51
12/7/2017,1164.6
12/8/2017,1170.82
12/11/2017,1176.45
12/12/2017,1180.47
12/13/2017,1180.24
12/14/2017,1176.55
12/15/2017,1186.68
12/18/2017,1192.22
12/19/2017,1188.29
12/20/2017,1186.57
12/21/2017,1190.39
12/22/2017,1189.02
12/26/2017,1186.62
12/27/2017,1187.7
12/28/2017,1189.29
12/29/2017,1183.15
1/2/2018,1193.55
1/3/2018,1200.74
1/4/2018,1206.26
1/5/2018,1215.56
1/8/2018,1216.1
1/9/2018,1218.12
1/10/2018,1217.95
1/11/2018,1225.82
1/12/2018,1234.55
1/16/2018,1231.79
1/17/2018,1243.38
1/18/2018,1241.59
1/19/2018,1245.7
1/22/2018,1256.71
1/23/2018,1257.48
1/24/2018,1256.54
1/25/2018,1258.04
1/26/2018,1273.99
1/29/2018,1265.56
1/30/2018,1251.93
1/31/2018,1251.42
2/1/2018,1252.15
2/2/2018,1224.69
2/5/2018,1171.85
2/6/2018,1194.49
2/7/2018,1187.56
2/8/2018,1142.28
2/9/2018,1159.2
2/12/2018,1175.78
2/13/2018,1178.93
2/14/2018,1193.24
2/15/2018,1208.44
2/16/2018,1208.88
2/20/2018,1200.71
2/21/2018,1194.38
2/22/2018,1196.37
2/23/2018,1215.35
2/26/2018,1232.49
2/27/2018,1216.31
2/28/2018,1201.87
3/1/2018,1184.54
3/2/2018,1189.04
3/5/2018,1201.89
3/6/2018,1202.54
3/7/2018,1201.86
3/8/2018,1207.88
3/9/2018,1228.97
3/12/2018,1227.61
3/13/2018,1218.31
3/14/2018,1211.02
3/15/2018,1210.77
3/16/2018,1211.4
3/19/2018,1192.11
3/20/2018,1192.43
3/21/2018,1189.53
3/22/2018,1157.91
3/23/2018,1133.01
3/26/2018,1164.97
3/27/2018,1143.74
3/28/2018,1141.5
3/29/2018,1157.37
4/2/2018,1131.65
4/3/2018,1146.26
4/4/2018,1159.76
4/5/2018,1169.17
4/6/2018,1143.78
4/9/2018,1148.03
4/10/2018,1168.14
4/11/2018,1160.58
4/12/2018,1170.79
4/13/2018,1167.5
4/16/2018,1175.83
4/17/2018,1188.39
4/18/2018,1187.26
4/19/2018,1181.89
4/20/2018,1170.45
4/23/2018,1170.43
4/24/2018,1153.84
4/25/2018,1155.38
4/26/2018,1169.17
4/27/2018,1169.9
4/30/2018,1160.73
5/1/2018,1164.4
5/2/2018,1156.64
5/3/2018,1153.93
5/4/2018,1169.64
5/7/2018,1174.26
5/8/2018,1173.77
5/9/2018,1185.69
5/10/2018,1197.16
5/11/2018,1200.13
5/14/2018,1202.06
5/15/2018,1192.81
5/16/2018,1197.26
5/17/2018,1194.58
5/18/2018,1190.65
5/21/2018,1200.53
5/22/2018,1197.14
5/23/2018,1201.46
5/24/2018,1197.68
5/25/2018,1194.53
5/29/2018,1180.34
5/30/2018,1194.9
5/31/2018,1188.91
6/1/2018,1202.01
6/4/2018,1207.65
6/5/2018,1207.92
6/6/2018,1219.18
6/7/2018,1218.72
6/8/2018,1221.79
6/11/2018,1222.43
6/12/2018,1223.67
6/13/2018,1218.92
6/14/2018,1221.78
6/15/2018,1220.26
6/18/2018,1217.34
6/19/2018,1213.24
6/20/2018,1215.29
6/21/2018,1207.08
6/22/2018,1209.7
6/25/2018,1191.8
6/26/2018,1195.14
6/27/2018,1185.25
6/28/2018,1194.2
6/29/2018,1194.5
7/2/2018,1199.46
7/3/2018,1191.76
7/5/2018,1202.53
7/6/2018,1213.34
7/9/2018,1224.88
7/10/2018,1229.89
7/11/2018,1221.77
7/12/2018,1234.7
7/13/2018,1235.91
7/16/2018,1236.61
7/17/2018,1240.9
7/18/2018,1242.6
7/19/2018,1235.98
7/20/2018,1236.33
7/23/2018,1239.46
7/24/2018,1249.94
7/25/2018,1260.5
7/26/2018,1251.5
7/27/2018,1243.83
7/30/2018,1237.63
7/31/2018,1241.76
8/1/2018,1244.09
8/2/2018,1250.66
8/3/2018,1257.19
8/6/2018,1262.57
8/7/2018,1266.41
8/8/2018,1266.7
8/9/2018,1265.06
8/10/2018,1255.47
8/13/2018,1250.57
8/14/2018,1257.6
8/15/2018,1248.21
8/16/2018,1258.75
8/17/2018,1262.32
8/20/2018,1264.24
8/21/2018,1266.54
8/22/2018,1267.09
8/23/2018,1265.08
8/24/2018,1272.43
8/27/2018,1283.45
8/28/2018,1283.24
8/29/2018,1291.51
8/30/2018,1287.36
8/31/2018,1286.9
9/4/2018,1284.03
9/5/2018,1279.43
9/6/2018,1273.98
9/7/2018,1271.27
9/10/2018,1272.29
9/11/2018,1279.07
9/12/2018,1279.43
9/13/2018,1286.56
9/14/2018,1285.6
9/17/2018,1277.57
9/18/2018,1284.91
9/19/2018,1288.15
9/20/2018,1299.4
9/21/2018,1298.14
9/24/2018,1294.71
9/25/2018,1293.91
9/26/2018,1290.08
9/27/2018,1295.32
9/28/2018,1294.27
10/1/2018,1300.84
10/2/2018,1301.56
10/3/2018,1302.8
10/4/2018,1291.53
10/5/2018,1283.34
10/8/2018,1283.87
10/9/2018,1283.6
10/10/2018,1239.83
10/11/2018,1214.29
10/12/2018,1233.66
10/15/2018,1224.49
10/16/2018,1250.46
10/17/2018,1251.66
10/18/2018,1232.83
10/19/2018,1236.09
10/22/2018,1231.02
10/23/2018,1225.82
10/24/2018,1185.78
10/25/2018,1211.11
10/26/2018,1189.06
10/29/2018,1177.69
10/30/2018,1193.7
10/31/2018,1208.84
11/1/2018,1219.8
11/2/2018,1210.74
11/5/2018,1217.5
11/6/2018,1224.67
11/7/2018,1252.45
11/8/2018,1249.08
11/9/2018,1237.35
11/12/2018,1211.59
11/13/2018,1209.15
11/14/2018,1199.77
11/15/2018,1212.59
11/16/2018,1213.73
11/19/2018,1193.49
11/20/2018,1169.94
11/21/2018,1171.29
11/23/2018,1161.4
11/26/2018,1180.46
11/27/2018,1186.55
11/28/2018,1216.09
11/29/2018,1213.7
11/30/2018,1225.19
12/3/2018,1238.63
12/4/2018,1197.48
12/6/2018,1196.2
12/7/2018,1167.57
12/10/2018,1170.41
12/11/2018,1170.08
12/12/2018,1176.02
12/13/2018,1178.25
12/14/2018,1153.59
12/17/2018,1130.63
12/18/2018,1132.03
12/19/2018,1113.55
12/20/2018,1096.36
12/21/2018,1071.32
12/24/2018,1042.77
12/26/2018,1096.95
12/27/2018,1105.17
12/28/2018,1104.34
12/31/2018,1113.87
1/2/2019,1118.14
1/3/2019,1088.03
1/4/2019,1126.64
1/7/2019,1133.22
1/8/2019,1143.87
1/9/2019,1146.66
1/10/2019,1149.47
1/11/2019,1149.35
1/14/2019,1143.95
1/15/2019,1157.45
1/16/2019,1159.94
1/17/2019,1167.86
1/18/2019,1181.55
1/22/2019,1163.81
1/23/2019,1167.81
1/24/2019,1167.43
1/25/2019,1176.11
1/28/2019,1164.44
1/29/2019,1160.65
1/30/2019,1180.56
1/31/2019,1191.68
2/1/2019,1191.67
2/4/2019,1200.75
2/5/2019,1207.64
2/6/2019,1204.43
2/7/2019,1190.83
2/8/2019,1190.16
2/11/2019,1189.59
2/12/2019,1205.74
2/13/2019,1208.8
2/14/2019,1204.8
2/15/2019,1217.96
2/19/2019,1219.92
2/20/2019,1221.74
2/21/2019,1217.44
2/22/2019,1225.06
2/25/2019,1228.38
2/26/2019,1228.5
2/27/2019,1227.68
2/28/2019,1223.55
3/1/2019,1232.43
3/4/2019,1229.43
3/5/2019,1229.75
3/6/2019,1223.14
3/7/2019,1212.88
3/8/2019,1211.04
3/11/2019,1229.57
3/12/2019,1232.94
3/13/2019,1241.98
3/14/2019,1240.77
3/15/2019,1247.48
3/18/2019,1252.08
3/19/2019,1252.57
3/20/2019,1251.26
3/21/2019,1262.92
3/22/2019,1239.09
3/25/2019,1237.23
3/26/2019,1246.22
3/27/2019,1240.05
3/28/2019,1243.51
3/29/2019,1251.56
4/1/2019,1265.92
4/2/2019,1266.04
4/3/2019,1268.05
4/4/2019,1271.4
4/5/2019,1275.54
4/8/2019,1277.57
4/9/2019,1270.67
4/10/2019,1273.79
4/11/2019,1273.18
4/12/2019,1281.09
4/15/2019,1281.62
4/16/2019,1285.1
4/17/2019,1286.13
4/18/2019,1287.4
4/22/2019,1290.69
4/23/2019,1301.56
4/24/2019,1297.02
4/25/2019,1298.54
4/26/2019,1304.15
4/29/2019,1307.07
4/30/2019,1305.2
5/1/2019,1297.69
5/2/2019,1292.88
5/3/2019,1306.72
5/6/2019,1300.44
5/7/2019,1278.76
5/8/2019,1276.4
5/9/2019,1271.22
5/10/2019,1275.1
5/13/2019,1243.47
5/14/2019,1252.41
5/15/2019,1262.3
5/16/2019,1274.32
5/17/2019,1267.41
5/20/2019,1258.85
5/21/2019,1267.75
5/22/2019,1264.15
5/23/2019,1249.31
5/24/2019,1250.67
5/28/2019,1240.99
5/29/2019,1231.97
5/30/2019,1233.67
5/31/2019,1215.02
6/3/2019,1206.83
6/4/2019,1232.95
6/5/2019,1241.46
6/6/2019,1250.21
6/7/2019,1265.65
6/10/2019,1272.58
6/11/2019,1273.58
6/12/2019,1270.39
6/13/2019,1275.45
6/14/2019,1274.4
6/17/2019,1277.35
6/18/2019,1289.69
6/19/2019,1292.32
6/20/2019,1305.05
6/21/2019,1304.36
6/24/2019,1302.82
6/25/2019,1288.61
6/26/2019,1288.83
6/27/2019,1292.25
6/28/2019,1297.46
7/1/2019,1307.95
7/2/2019,1313.63
7/3/2019,1323.16
7/5/2019,1320.77
7/8/2019,1314.36
7/9/2019,1316.79
7/10/2019,1324.5
7/11/2019,1326.71
7/12/2019,1332.32
7/15/2019,1333.24
7/16/2019,1328.17
7/17/2019,1319.85
7/18/2019,1323.72
7/19/2019,1315.42
7/22/2019,1320.12
7/23/2019,1328.49
7/24/2019,1334.49
7/25/2019,1328.03
7/26/2019,1339.87
7/29/2019,1337.77
7/30/2019,1332.65
7/31/2019,1317.09
8/1/2019,1305.66
8/2/2019,1296.65
8/5/2019,1256.99
8/6/2019,1273.35
8/7/2019,1273
8/8/2019,1296.68
8/9/2019,1287.65
8/12/2019,1272.66
8/13/2019,1292.61
8/14/2019,1255.1
8/15/2019,1256.83
8/16/2019,1275.19
8/19/2019,1291.29
8/20/2019,1280.77
8/21/2019,1292.09
8/22/2019,1291.31
8/23/2019,1256.91
8/26/2019,1271.79
8/27/2019,1268.06
8/28/2019,1276.24
8/29/2019,1291.77
8/30/2019,1292.38
9/3/2019,1282.96
9/4/2019,1297.53
9/5/2019,1315.51
9/6/2019,1315.73
9/9/2019,1316.78
9/10/2019,1317.44
9/11/2019,1327.87
9/12/2019,1331.98
9/13/2019,1330.97
9/16/2019,1324.3
9/17/2019,1327.12
9/18/2019,1328.12
9/19/2019,1328.66
9/20/2019,1321.7
9/23/2019,1321.21
9/24/2019,1308.76
9/25/2019,1318.62
9/26/2019,1313.96
9/27/2019,1308.66
9/30/2019,1315.25
10/1/2019,1300.68
10/2/2019,1276.91
10/3/2019,1287.74
10/4/2019,1306.99
10/7/2019,1301.93
10/8/2019,1282.82
10/9/2019,1294.12
10/10/2019,1302.41
10/11/2019,1315.77
10/14/2019,1314.56
10/15/2019,1328.43
10/16/2019,1326.73
10/17/2019,1329.82
10/18/2019,1321.61
10/21/2019,1331.59
10/22/2019,1327.59
10/23/2019,1330.97
10/24/2019,1333.22
10/25/2019,1340.72
10/28/2019,1350.57
10/29/2019,1345.85
10/30/2019,1351.83
10/31/2019,1349.76
11/1/2019,1363.03
11/4/2019,1369.37
11/5/2019,1369.11
11/6/2019,1369.79
11/7/2019,1374.8
11/8/2019,1379.11
11/11/2019,1376.64
11/12/2019,1378.61
11/13/2019,1378.84
11/14/2019,1378.34
11/15/2019,1388.81
11/18/2019,1390.32
11/19/2019,1387.59
11/20/2019,1382.01
11/21/2019,1381.29
11/22/2019,1384.81
11/25/2019,1395
11/26/2019,1397.76
11/27/2019,1404.15
11/29/2019,1398.63
12/2/2019,1387.38
12/3/2019,1377.76
12/4/2019,1386.45
12/5/2019,1388.58
12/6/2019,1402.31
12/9/2019,1398.34
12/10/2019,1396.76
12/11/2019,1400.83
12/12/2019,1412.56
12/13/2019,1413.62
12/16/2019,1423.85
12/17/2019,1425.14
12/18/2019,1423.08
12/19/2019,1429.91
12/20/2019,1435.65
12/23/2019,1438
12/24/2019,1437.1
12/26/2019,1447.27
12/27/2019,1447.47
12/30/2019,1438.14
12/31/2019,1442.17
1/2/2020,1458.13
1/3/2020,1446.48
1/6/2020,1452.81
1/7/2020,1447.36
1/8/2020,1455.49
1/9/2020,1466.47
1/10/2020,1462.07
1/13/2020,1473.11
1/14/2020,1469.52
1/15/2020,1472.23
1/16/2020,1483.51
1/17/2020,1489.62
1/21/2020,1485.68
1/22/2020,1486.7
1/23/2020,1487.22
1/24/2020,1474.44
1/27/2020,1451.2
1/28/2020,1465.56
1/29/2020,1466.7
1/30/2020,1471.24
1/31/2020,1446.71
2/3/2020,1457.54
2/4/2020,1479.79
2/5/2020,1496.14
2/6/2020,1504.14
2/7/2020,1498.07
2/10/2020,1510.36
2/11/2020,1508.33
2/12/2020,1517.81
2/13/2020,1513.23
2/14/2020,1515.53
2/18/2020,1511.12
2/19/2020,1518.94
2/20/2020,1511.27
2/21/2020,1493.89
2/24/2020,1440.32
2/25/2020,1398.12
2/26/2020,1395.45
2/27/2020,1331.58
2/28/2020,1324.43
3/2/2020,1388.71
3/3/2020,1346.23
3/4/2020,1402.72
3/5/2020,1356.1
3/6/2020,1335.46
3/9/2020,1237.51
3/10/2020,1300.49
3/11/2020,1238.84
3/12/2020,1123.43
3/13/2020,1237.2
3/16/2020,1094.07
3/17/2020,1159.11
3/18/2020,1110.59
3/19/2020,1114.6
3/20/2020,1065.65
3/23/2020,1040
3/24/2020,1130.42
3/25/2020,1135.2
3/26/2020,1204.5
3/27/2020,1162.3
3/30/2020,1204.14
3/31/2020,1187.48
4/1/2020,1139.31
4/2/2020,1168.51
4/3/2020,1151.57
4/6/2020,1228.15
4/7/2020,1222.75
4/8/2020,1258.45
4/9/2020,1271.2
4/13/2020,1266.47
4/14/2020,1307.09
4/15/2020,1283.68
4/16/2020,1292.9
4/17/2020,1320.68
4/20/2020,1299.38
4/21/2020,1259.47
4/22/2020,1288.38
4/23/2020,1288.64
4/24/2020,1306.32
4/27/2020,1320.13
4/28/2020,1307.17
4/29/2020,1342.67
4/30/2020,1338.02
5/1/2020,1302.16
5/4/2020,1307.81
5/5/2020,1318.69
5/6/2020,1313.03
5/7/2020,1325.44
5/8/2020,1345.19
5/11/2020,1348.41
5/12/2020,1322.87
5/13/2020,1302.87
5/14/2020,1317.39
5/15/2020,1323.54
5/18/2020,1357.88
5/19/2020,1344.1
5/20/2020,1366.99
5/21/2020,1356.16
5/22/2020,1358.94
5/26/2020,1369.98
5/27/2020,1386.61
5/28/2020,1382.8
5/29/2020,1389.63
6/1/2020,1392.95
6/2/2020,1403.42
6/3/2020,1418.33
6/4/2020,1413.08
6/5/2020,1448.33
6/8/2020,1464.58
6/9/2020,1460.8
6/10/2020,1459.78
6/11/2020,1376.79
6/12/2020,1393.26
6/15/2020,1403.1
6/16/2020,1430.1
6/17/2020,1426.14
6/18/2020,1427.78
6/19/2020,1422.04
6/22/2020,1433.74
6/23/2020,1442.82
6/24/2020,1408.84
6/25/2020,1424.96
6/26/2020,1386.05
6/29/2020,1405.85
6/30/2020,1427.23
7/1/2020,1437.22
7/2/2020,1442.95
7/6/2020,1470.63
7/7/2020,1456.52
7/8/2020,1471.15
7/9/2020,1466.04
7/10/2020,1481.96
7/13/2020,1466.64
7/14/2020,1483.8
7/15/2020,1490.35
7/16/2020,1484.35
7/17/2020,1484.71
7/20/2020,1504.11
7/21/2020,1502.96
7/22/2020,1509.43
7/23/2020,1483.69
7/24/2020,1474.12
7/27/2020,1486.1
7/28/2020,1477.1
7/29/2020,1491.62
7/30/2020,1487.87
7/31/2020,1504.93
8/3/2020,1519.44
8/4/2020,1524.36
8/5/2020,1535.42
8/6/2020,1551.21
8/7/2020,1547.9
8/10/2020,1550.69
8/11/2020,1536
8/12/2020,1560.59
8/13/2020,1557.83
8/14/2020,1557.29
8/17/2020,1561.28
8/18/2020,1569.45
8/19/2020,1563.03
8/20/2020,1573.73
8/21/2020,1582.16
8/24/2020,1597.89
8/25/2020,1604.88
8/26/2020,1629.28
8/27/2020,1630.46
8/28/2020,1640.78
8/31/2020,1638.94
9/1/2020,1653.67
9/2/2020,1675.67
9/3/2020,1611.41
9/4/2020,1596.1
9/8/2020,1546.9
9/9/2020,1580.87
9/10/2020,1551.03
9/11/2020,1549.92
9/14/2020,1567.06
9/15/2020,1576.91
9/16/2020,1563.88
9/17/2020,1548.53
9/18/2020,1530.58
9/21/2020,1519.4
9/22/2020,1538.48
9/23/2020,1499.69
9/24/2020,1504.5
9/25/2020,1529
9/28/2020,1553.01
9/29/2020,1545.72
9/30/2020,1560.58
10/1/2020,1569.88
10/2/2020,1547.08
10/5/2020,1575.55
10/6/2020,1550.15
10/7/2020,1577.8
10/8/2020,1587.73
10/9/2020,1604.76
10/12/2020,1637.55
10/13/2020,1628.5
10/14/2020,1615.32
10/15/2020,1610.76
10/16/2020,1610.76
10/19/2020,1582.32
10/20/2020,1590.19
10/21/2020,1587.19
10/22/2020,1593.5
10/23/2020,1596.74
10/26/2020,1568.65
10/27/2020,1569.14
10/28/2020,1509.64
10/29/2020,1530.28
10/30/2020,1507.65
11/2/2020,1520.31
11/3/2020,1544.72
11/4/2020,1590.12
11/5/2020,1621.23
11/6/2020,1620.89
11/9/2020,1628.51
11/10/2020,1623
11/11/2020,1640.63
11/12/2020,1626.61
11/13/2020,1644.89
11/16/2020,1661.52
11/17/2020,1653.45
11/18/2020,1634.16
11/19/2020,1640.51
11/20/2020,1628.35
11/23/2020,1634.28
11/24/2020,1662.49
11/25/2020,1662.28
11/27/2020,1665.87
11/30/2020,1658.77
12/1/2020,1679.49
12/2/2020,1685.02
12/3/2020,1682.24
12/4/2020,1692.62
12/7/2020,1691.08
12/8/2020,1696.04
12/9/2020,1681.08
12/10/2020,1679.25
12/11/2020,1679.17
12/14/2020,1671.72
12/15/2020,1691.58
12/16/2020,1696.26
12/17/2020,1703.8
12/18/2020,1695.72
12/21/2020,1693.02
12/22/2020,1689.1
12/23/2020,1689.3
12/24/2020,1694.81
12/28/2020,1715.21
12/29/2020,1713.22
12/30/2020,1711.35
12/31/2020,1720.5
1/4/2021,1696.86
1/5/2021,1708.22
1/6/2021,1706.75
1/7/2021,1734.79
1/8/2021,1747.33
1/11/2021,1732.24
1/12/2021,1730.2
1/13/2021,1739.67
1/14/2021,1729.74
1/15/2021,1716.11
1/19/2021,1731.42
1/20/2021,1761.98
1/21/2021,1766.86
1/22/2021,1764.21
1/25/2021,1774.64
1/26/2021,1775.81
1/27/2021,1731.89
1/28/2021,1745.55
1/29/2021,1709.75
2/1/2021,1737.1
2/2/2021,1760.96
2/3/2021,1765.04
2/4/2021,1783.94
2/5/2021,1790.11
2/8/2021,1800.77
2/9/2021,1797.68
2/10/2021,1794.74
2/11/2021,1796.46
2/12/2021,1803.12
2/16/2021,1802.16
2/17/2021,1803.14
2/18/2021,1793.98
2/19/2021,1782.68
2/22/2021,1764.92
2/23/2021,1765.91
2/24/2021,1784.24
2/25/2021,1739.7
2/26/2021,1731.42
3/1/2021,1773.4
3/2/2021,1757.74
3/3/2021,1733.59
3/4/2021,1713.77
3/5/2021,1743.71
3/8/2021,1728.99
3/9/2021,1760.13
3/10/2021,1769.8
3/11/2021,1789.05
3/12/2021,1786.83
3/15/2021,1795.06
3/16/2021,1797.39
3/17/2021,1802.18
3/18/2021,1772.75
3/19/2021,1771.87
3/22/2021,1788.06
3/23/2021,1779.83
3/24/2021,1765.97
3/25/2021,1771.45
3/26/2021,1798.1
3/29/2021,1801.01
3/30/2021,1792.63
3/31/2021,1801.88
4/1/2021,1822.54
4/5/2021,1852.56
4/6/2021,1850.1
4/7/2021,1857.72
4/8/2021,1867.07
4/9/2021,1882.89
4/12/2021,1881.82
4/13/2021,1891.6
4/14/2021,1879.42
4/15/2021,1902.12
4/16/2021,1908.86
4/19/2021,1899.05
4/20/2021,1885.68
4/21/2021,1898.75
4/22/2021,1878.7
4/23/2021,1898.23
4/26/2021,1901.59
4/27/2021,1900.3
4/28/2021,1899.22
4/29/2021,1912.85
4/30/2021,1900.83
5/3/2021,1904.78
5/4/2021,1887.72
5/5/2021,1889.01
5/6/2021,1908.27
5/7/2021,1919.28
5/10/2021,1895.01
5/11/2021,1880.26
5/12/2021,1841.42
5/13/2021,1862.48
5/14/2021,1890.32
5/17/2021,1884.56
5/18/2021,1868.68
5/19/2021,1864.75
5/20/2021,1886.16
5/21/2021,1883.16
5/24/2021,1905.15
5/25/2021,1901.96
5/26/2021,1904.83
5/27/2021,1903.67
5/28/2021,1904.55
6/1/2021,1900.33
6/2/2021,1903.85
6/3/2021,1895.87
6/4/2021,1915.73
6/7/2021,1917.81
6/8/2021,1916.87
6/9/2021,1915.81
6/10/2021,1926.72
6/11/2021,1929.59
6/14/2021,1937.21
6/15/2021,1931.18
6/16/2021,1922.28
6/17/2021,1928.11
6/18/2021,1906.08
6/21/2021,1928.24
6/22/2021,1940.89
6/23/2021,1938.58
6/24/2021,1949.19
6/25/2021,1952.49
6/28/2021,1961.45
6/29/2021,1962.23
6/30/2021,1964.75
7/1/2021,1974.69
7/2/2021,1993.12
7/6/2021,1993.6
7/7/2021,2001.37
7/8/2021,1986.97
7/9/2021,2005.92
7/12/2021,2013.29
7/13/2021,2010.58
7/14/2021,2015.96
7/15/2021,2008.48
7/16/2021,1992.85
7/19/2021,1962.91
7/20/2021,1988.66
7/21/2021,2003.54
7/22/2021,2011.15
7/23/2021,2031.92
7/26/2021,2038.49
7/27/2021,2025.4
7/28/2021,2023.59
7/29/2021,2027.95
7/30/2021,2011.75
8/2/2021,2008.71
8/3/2021,2024.33
8/4/2021,2016.1
8/5/2021,2030.41
8/6/2021,2031.71
8/9/2021,2030.04
8/10/2021,2031.95
8/11/2021,2035.51
8/12/2021,2045.41
8/13/2021,2049.53
8/16/2021,2056.39
8/17/2021,2040.97
8/18/2021,2018.72
8/19/2021,2022.99
8/20/2021,2041.48
8/23/2021,2059.33
8/24/2021,2060.99
8/25/2021,2062.68
8/26/2021,2051.39
8/27/2021,2068.29
8/30/2021,2083
8/31/2021,2079.17
9/1/2021,2079.29
9/2/2021,2081.95
9/3/2021,2082.79
9/7/2021,2081.64
9/8/2021,2077.74
9/9/2021,2065.7
9/10/2021,2048.95
9/13/2021,2054.74
9/14/2021,2042.73
9/15/2021,2059.69
9/16/2021,2056.46
9/17/2021,2037.62
9/20/2021,2001.21
9/21/2021,2001.08
9/22/2021,2018.05
9/23/2021,2041.07
9/24/2021,2045.17
9/27/2021,2038.13
9/28/2021,1994.6
9/29/2021,1998.77
9/30/2021,1977.5
10/1/2021,2001.87
10/4/2021,1972.81
10/5/2021,1995.3
10/6/2021,2006.15
10/7/2021,2021.69
10/8/2021,2019.05
10/11/2021,2004.28
10/12/2021,1995.94
10/13/2021,2001.89
10/14/2021,2034.65
10/15/2021,2053.52
10/18/2021,2062.23
10/19/2021,2077.26
10/20/2021,2081.06
10/21/2021,2085.92
10/22/2021,2078.7
10/25/2021,2090.64
10/26/2021,2098.12
10/27/2021,2095.73
10/28/2021,2115.11
10/29/2021,2121.95
11/1/2021,2123.06
11/2/2021,2131.81
11/3/2021,2148.84
11/4/2021,2162.89
11/5/2021,2170.37
11/8/2021,2169.44
11/9/2021,2157.18
11/10/2021,2140.34
11/11/2021,2139.52
11/12/2021,2155.54
11/15/2021,2154.06
11/16/2021,2162.02
11/17/2021,2158.77
11/18/2021,2172.14
11/19/2021,2171.88
11/22/2021,2163.46
11/23/2021,2166.17
11/24/2021,2170.75
11/26/2021,2122.4
11/29/2021,2151.21
11/30/2021,2117.51
12/1/2021,2093.45
12/2/2021,2115.33
12/3/2021,2095.32
12/6/2021,2120.01
12/7/2021,2164.1
12/8/2021,2170.38
12/9/2021,2156.76
12/10/2021,2181.62
12/13/2021,2158.79
12/14/2021,2143.06
12/15/2021,2181.48
12/16/2021,2157.13
12/17/2021,2133.17
12/20/2021,2111.7
12/21/2021,2145.98
12/22/2021,2169.99
12/23/2021,2183.22
12/27/2021,2212.57
12/28/2021,2209.01
12/29/2021,2210.1
12/30/2021,2203.33
12/31/2021,2194.58
1/3/2022,2219.44
1/4/2022,2212.68
1/5/2022,2168.49
1/6/2022,2163.23
1/7/2022,2156.76
1/10/2022,2157.21
1/11/2022,2175.44
1/12/2022,2182.25
1/13/2022,2146
1/14/2022,2149.93
1/18/2022,2110.13
1/19/2022,2090.13
1/20/2022,2068.11
1/21/2022,2024.95
1/24/2022,2026.16
1/25/2022,2003.7
1/26/2022,2005.95
1/27/2022,1998.58
1/28/2022,2053.15
1/31/2022,2092.61
2/1/2022,2107.56
2/2/2022,2127.18
2/3/2022,2065.41
2/4/2022,2081.87
2/7/2022,2070.55
2/8/2022,2086.82
2/9/2022,2112.32
2/10/2022,2073.56
2/11/2022,2031.42
2/14/2022,2028.55
2/15/2022,2060.61
2/16/2022,2060.93
2/17/2022,2016.03
2/18/2022,1999.44
2/22/2022,1977.05
2/23/2022,1939.51
2/24/2022,1968.78
2/25/2022,2010.13
2/28/2022,2008.16
3/1/2022,1979.09
3/2/2022,2011.6
3/3/2022,1998.38
3/4/2022,1979.06
3/7/2022,1921.92
3/8/2022,1908.6
3/9/2022,1960.93
3/10/2022,1951.52
3/11/2022,1925.35
3/14/2022,1908.79
3/15/2022,1953.78
3/16/2022,1997.93
3/17/2022,2021.98
3/18/2022,2048.3
3/21/2022,2048.02
3/22/2022,2075.9
3/23/2022,2052.07
3/24/2022,2082.63
3/25/2022,2091.42
3/28/2022,2110.2
3/29/2022,2133.22
3/30/2022,2120.72
3/31/2022,2085.75
4/1/2022,2091.39
4/4/2022,2115.09
4/5/2022,2085.59
4/6/2022,2058.36
4/7/2022,2066.33
4/8/2022,2056.65
4/11/2022,2017.3
4/12/2022,2010.81
4/13/2022,2033.32
4/14/2022,2004.5
4/18/2022,2005.4
4/19/2022,2036.89
4/20/2022,2026.7
4/21/2022,1998.81
4/22/2022,1945.39
4/25/2022,1959.89
4/26/2022,1899.18
4/27/2022,1902.07
4/28/2022,1955.25
4/29/2022,1879.57
5/2/2022,1895.12
5/3/2022,1900.89
5/4/2022,1960.14
5/5/2022,1885.85
5/6/2022,1878.14
5/9/2022,1820.62
5/10/2022,1828.92
5/11/2022,1793.82
5/12/2022,1786.63
5/13/2022,1828.85
5/16/2022,1821.55
5/17/2022,1857.67
5/18/2022,1779.7
5/19/2022,1763.23
5/20/2022,1764.11
5/23/2022,1800.34
5/24/2022,1782.92
5/25/2022,1798.34
5/26/2022,1833.18
5/27/2022,1878.73
5/31/2022,1871.61
6/1/2022,1861.18
6/2/2022,1895.08
6/3/2022,1860.19
6/6/2022,1865.99
6/7/2022,1882.66
6/8/2022,1866.57
6/9/2022,1822.1
6/10/2022,1765.66
6/13/2022,1699.24
6/14/2022,1694.94
6/15/2022,1723.89
6/16/2022,1671.23
6/17/2022,1675.9
6/21/2022,1720.78
6/22/2022,1718.17
6/23/2022,1736.15
6/24/2022,1789.2
6/27/2022,1780.89
6/28/2022,1740.6
6/29/2022,1743.44
6/30/2022,1725.61
7/1/2022,1743.13
7/5/2022,1751.58
7/6/2022,1758.9
7/7/2022,1785.88
7/8/2022,1786.35
7/11/2022,1762.86
7/12/2022,1746.16
7/13/2022,1738.89
7/14/2022,1737.6
7/15/2022,1770.52
7/18/2022,1754.03
7/19/2022,1800.45
7/20/2022,1811.83
7/21/2022,1831.28
7/22/2022,1810.76
7/25/2022,1810.7
7/26/2022,1784.86
7/27/2022,1837.51
7/28/2022,1855.19
7/29/2022,1885.59
8/1/2022,1880.93
8/2/2022,1866.4
8/3/2022,1901.94
8/4/2022,1900.36
8/5/2022,1893.64
8/8/2022,1888.73
8/9/2022,1882.28
8/10/2022,1923.03
8/11/2022,1918.48
8/12/2022,1952.35
8/15/2022,1962.45
8/16/2022,1966.75
8/17/2022,1953.39
8/18/2022,1956.42
8/19/2022,1930.51
8/22/2022,1887.52
8/23/2022,1882.93
8/24/2022,1885.96
8/25/2022,1912.19
8/26/2022,1846.12
8/29/2022,1832.27
8/30/2022,1812.8
8/31/2022,1797.95
9/1/2022,1805.9
9/2/2022,1783.96
9/6/2022,1775.15
9/7/2022,1804.07
9/8/2022,1813.12
9/9/2022,1842.52
9/12/2022,1864.75
9/13/2022,1778.94
9/14/2022,1788.65
9/15/2022,1766.8
9/16/2022,1756.06
9/19/2022,1768.82
9/20/2022,1752.29
9/21/2022,1721.39
9/22/2022,1711.79
9/23/2022,1681.52
9/26/2022,1667.92
9/27/2022,1664.62
9/28/2022,1694.11
9/29/2022,1655.25
9/30/2022,1625.76
10/3/2022,1663.53
10/4/2022,1713.05
10/5/2022,1710.7
10/6/2022,1694.27
10/7/2022,1642.89
10/10/2022,1629.89
10/11/2022,1617.72
10/12/2022,1615.09
10/13/2022,1659.17
10/14/2022,1622.25
10/17/2022,1667.55
10/18/2022,1684.85
10/19/2022,1675.71
10/20/2022,1664.62
10/21/2022,1704.6
10/24/2022,1725.12
10/25/2022,1750.81
10/26/2022,1728.32
10/27/2022,1710.44
10/28/2022,1756.46
10/31/2022,1740.51
11/1/2022,1728.73
11/2/2022,1685.18
11/3/2022,1662.4
11/4/2022,1684.89
11/7/2022,1702.51
11/8/2022,1710.72
11/9/2022,1672.64
11/10/2022,1767.85
11/11/2022,1787.75
11/14/2022,1773.88
11/15/2022,1788.71
11/16/2022,1774.39
11/17/2022,1771.89
11/18/2022,1777.09
11/21/2022,1766.62
11/22/2022,1790.21
11/23/2022,1802.87
11/25/2022,1800.18
11/28/2022,1773.85
11/29/2022,1767.33
11/30/2022,1827.55
12/1/2022,1824.19
12/2/2022,1821.21
12/5/2022,1789.97
12/6/2022,1760.24
12/7/2022,1755.27
12/8/2022,1769.18
12/9/2022,1758.31
12/12/2022,1783.17
12/13/2022,1795.63
12/14/2022,1785.13
12/15/2022,1738.12
12/16/2022,1718.92
12/19/2022,1702.4
12/20/2022,1703.49
12/21/2022,1728.74
12/22/2022,1701.21
12/23/2022,1710.71
12/27/2022,1700.14
12/28/2022,1680.54
12/29/2022,1711.28
12/30/2022,1709.17
1/3/2023,1701.93
1/4/2023,1710.27
1/5/2023,1690.65
1/6/2023,1727.65
1/9/2023,1726.18
1/10/2023,1737.8
1/11/2023,1761.4
1/12/2023,1767.67
1/13/2023,1776.57
1/17/2023,1773.23
1/18/2023,1744.77
1/19/2023,1732.87
1/20/2023,1767.27
1/23/2023,1789.45
1/24/2023,1788.33
1/25/2023,1786.71
1/26/2023,1808.82
1/27/2023,1817.24
1/30/2023,1790.76
1/31/2023,1816.29
2/1/2023,1836.58
2/2/2023,1872.43
2/3/2023,1854.79
2/6/2023,1844.33
2/7/2023,1870.98
2/8/2023,1847.61
2/9/2023,1830.92
2/10/2023,1831.83
2/13/2023,1854.92
2/14/2023,1855.95
2/15/2023,1859.74
2/16/2023,1831.51
2/17/2023,1826.06
2/21/2023,1788.64
2/22/2023,1786.46
2/23/2023,1796.81
2/24/2023,1776.41
2/27/2023,1783.1
2/28/2023,1777.54
3/1/2023,1766.25
3/2/2023,1779.39
3/3/2023,1810.97
3/6/2023,1816.36
3/7/2023,1789.26
3/8/2023,1790.66
3/9/2023,1758.64
3/10/2023,1739.04
3/13/2023,1741.29
3/14/2023,1772.91
3/15/2023,1769.8
3/16/2023,1803.56
3/17/2023,1788.6
3/20/2023,1800.57
3/21/2023,1825.49
3/22/2023,1799.84
3/23/2023,1809.85
3/24/2023,1817.92
3/27/2023,1817.29
3/28/2023,1811.29
3/29/2023,1836.32
3/30/2023,1847.23
3/31/2023,1874.42
4/3/2023,1883.01
4/4/2023,1876.91
4/5/2023,1871.94
4/6/2023,1882.04
4/10/2023,1878.86
4/11/2023,1873.58
4/12/2023,1864.61
4/13/2023,1895.34
4/14/2023,1894.12
4/17/2023,1898.13
4/18/2023,1899.71
4/19/2023,1899.28
4/20/2023,1884.73
4/21/2023,1888.3
4/24/2023,1888.47
4/25/2023,1859.53
4/26/2023,1858.58
4/27/2023,1899.56
4/28/2023,1913.12
5/1/2023,1912.23
5/2/2023,1892.33
5/3/2023,1879.14
5/4/2023,1866.02
5/5/2023,1902.38
5/8/2023,1904.89
5/9/2023,1894.97
5/10/2023,1906.62
5/11/2023,1906.98
5/12/2023,1901.3
5/15/2023,1905.02
5/16/2023,1899.81
5/17/2023,1922.87
5/18/2023,1942.52
5/19/2023,1939.83
5/22/2023,1939.72
5/23/2023,1920.14
5/24/2023,1910.1
5/25/2023,1934.7
5/26/2023,1965.07
5/30/2023,1967.64
5/31/2023,1956.69
6/1/2023,1977.76
6/2/2023,2001.46
6/5/2023,1997.76
6/6/2023,2000.64
6/7/2023,1984.86
6/8/2023,2001.7
6/9/2023,2006.51
6/12/2023,2027.61
6/13/2023,2039.11
6/14/2023,2043.87
6/15/2023,2069.78
6/16/2023,2060.01
6/20/2023,2053.87
6/21/2023,2037.81
6/22/2023,2051.18
6/23/2023,2035.84
6/26/2023,2017.1
6/27/2023,2039.93
6/28/2023,2040.81
6/29/2023,2047.41
6/30/2023,2074.49
7/3/2023,2077.48
7/5/2023,2076.5
7/6/2023,2060.04
7/7/2023,2050.42
7/10/2023,2047.49
7/11/2023,2058.97
7/12/2023,2078.17
7/13/2023,2099.45
7/14/2023,2099.47
7/17/2023,2107.46
7/18/2023,2125.39
7/19/2023,2130.19
7/20/2023,2110.33
7/21/2023,2108.83
7/24/2023,2119.78
7/25/2023,2124.89
7/26/2023,2124.57
7/27/2023,2113.74
7/28/2023,2139.93
7/31/2023,2142.1
8/1/2023,2135.84
8/2/2023,2102.65
8/3/2023,2098.75
8/4/2023,2089.39
8/7/2023,2108.31
8/8/2023,2101.18
8/9/2023,2080.83
8/10/2023,2082.74
8/11/2023,2079.45
8/14/2023,2096.14
8/15/2023,2072.86
8/16/2023,2055.8
8/17/2023,2041.06
8/18/2023,2039.32
8/21/2023,2058.36
8/22/2023,2052.5
8/23/2023,2077.56
8/24/2023,2046.35
8/25/2023,2060.44
8/28/2023,2072.48
8/29/2023,2106.03
8/30/2023,2114.29
8/31/2023,2113.84
